{
    "best_params": {
        "bootstrap": true,
        "max_depth": 20,
        "max_features": 0.5,
        "min_samples_leaf": 5,
        "min_samples_split": 10,
        "n_estimators": 200
    },
    "classification_report": {
        "Alto": {
            "precision": 0.8637532133676092,
            "recall": 0.8865435356200527,
            "f1-score": 0.875,
            "support": 758.0
        },
        "Baixo": {
            "precision": 0.9944881889763779,
            "recall": 0.9992088607594937,
            "f1-score": 0.9968429360694554,
            "support": 1264.0
        },
        "Moderado": {
            "precision": 0.9771801140994295,
            "recall": 0.9531001589825119,
            "f1-score": 0.964989939637827,
            "support": 1258.0
        },
        "Muito Alto": {
            "precision": 0.7686567164179104,
            "recall": 0.7832699619771863,
            "f1-score": 0.775894538606403,
            "support": 263.0
        },
        "accuracy": 0.9427039232289021,
        "macro avg": {
            "precision": 0.9010195582153318,
            "recall": 0.9055306293348111,
            "f1-score": 0.9031818535784213,
            "support": 3543.0
        },
        "weighted avg": {
            "precision": 0.9436091748670005,
            "recall": 0.9427039232289021,
            "f1-score": 0.9430643745158516,
            "support": 3543.0
        }
    }
}